img,px,py
0.jpg,92,98
1.jpg,77,95
2.jpg,98,107
3.jpg,102,77
4.jpg,97,93
5.jpg,82,99
6.jpg,94,99
7.jpg,98,83
8.jpg,39,70
9.jpg,50,41
10.jpg,70,50
11.jpg,49,52
12.jpg,47,71
13.jpg,53,46
14.jpg,75,55
15.jpg,55,50
16.jpg,73,102
17.jpg,68,76
18.jpg,100,79
19.jpg,76,67
20.jpg,79,93
21.jpg,78,72
22.jpg,97,72
23.jpg,77,74
24.jpg,52,71
25.jpg,55,49
26.jpg,73,43
27.jpg,43,50
28.jpg,51,71
29.jpg,57,50
30.jpg,79,41
31.jpg,45,50
32.jpg,54,74
33.jpg,56,48
34.jpg,77,51
35.jpg,53,52
36.jpg,94,97
37.jpg,86,97
38.jpg,97,97
39.jpg,95,87
40.jpg,86,99
41.jpg,79,89
42.jpg,98,93
43.jpg,93,82
44.jpg,104,117
45.jpg,100,107
46.jpg,117,94
47.jpg,93,100
48.jpg,89,96
49.jpg,73,93
50.jpg,93,105
51.jpg,100,76
52.jpg,95,93
53.jpg,75,95
54.jpg,93,95
55.jpg,93,76
56.jpg,93,90
57.jpg,80,96
58.jpg,90,91
59.jpg,86,79
60.jpg,97,94
61.jpg,86,101
62.jpg,93,105
63.jpg,102,87
64.jpg,89,97
65.jpg,83,95
66.jpg,96,107
67.jpg,99,85
68.jpg,98,120
69.jpg,106,101
70.jpg,119,97
71.jpg,93,108
72.jpg,53,77
73.jpg,54,50
74.jpg,79,44
75.jpg,43,50
76.jpg,94,94
77.jpg,90,96
78.jpg,93,94
79.jpg,93,92
80.jpg,94,95
81.jpg,78,98
82.jpg,93,100
83.jpg,97,82
84.jpg,88,89
85.jpg,81,87
86.jpg,89,86
87.jpg,84,82
88.jpg,79,109
89.jpg,102,80
90.jpg,109,109
91.jpg,108,101
92.jpg,100,102
93.jpg,79,102
94.jpg,102,94
95.jpg,93,79
96.jpg,100,114
97.jpg,102,101
98.jpg,115,99
99.jpg,95,101
100.jpg,92,100
101.jpg,78,94
102.jpg,99,99
103.jpg,97,78
104.jpg,102,107
105.jpg,115,102
106.jpg,108,96
107.jpg,96,113
108.jpg,95,96
109.jpg,84,96
110.jpg,96,94
111.jpg,92,86
112.jpg,98,98
113.jpg,81,98
114.jpg,99,92
115.jpg,93,80
116.jpg,96,102
117.jpg,83,97
118.jpg,102,107
119.jpg,105,84
120.jpg,94,100
121.jpg,88,95
122.jpg,99,91
123.jpg,87,89
124.jpg,95,100
125.jpg,79,96
126.jpg,101,95
127.jpg,95,80
128.jpg,95,115
129.jpg,106,97
130.jpg,113,99
131.jpg,94,108
132.jpg,95,114
133.jpg,104,95
134.jpg,118,90
135.jpg,89,102
136.jpg,79,80
137.jpg,85,74
138.jpg,84,147
139.jpg,150,85
140.jpg,74,75
141.jpg,78,75
142.jpg,76,143
143.jpg,141,83
144.jpg,88,98
145.jpg,84,91
146.jpg,98,100
147.jpg,98,86
148.jpg,71,89
149.jpg,77,76
150.jpg,81,153
151.jpg,146,82
152.jpg,85,92
153.jpg,72,88
154.jpg,92,90
155.jpg,86,74
156.jpg,94,102
157.jpg,85,96
158.jpg,99,95
159.jpg,91,88
160.jpg,47,72
161.jpg,54,43
162.jpg,74,37
163.jpg,37,52
164.jpg,83,106
165.jpg,77,83
166.jpg,106,97
167.jpg,96,78
168.jpg,76,79
169.jpg,85,71
170.jpg,83,137
171.jpg,140,83
172.jpg,85,96
173.jpg,79,89
174.jpg,93,95
175.jpg,89,81
176.jpg,88,99
177.jpg,81,91
178.jpg,97,85
179.jpg,84,81
180.jpg,84,119
181.jpg,79,86
182.jpg,120,83
183.jpg,79,80
184.jpg,107,94
185.jpg,88,104
186.jpg,97,98
187.jpg,96,86
188.jpg,101,88
189.jpg,83,103
190.jpg,88,100
191.jpg,97,85
192.jpg,87,92
193.jpg,79,90
194.jpg,93,92
195.jpg,88,76
196.jpg,102,110
197.jpg,89,104
198.jpg,110,115
199.jpg,114,89
200.jpg,76,92
201.jpg,75,78
202.jpg,92,101
203.jpg,100,77
204.jpg,102,104
205.jpg,88,104
206.jpg,103,100
207.jpg,95,89
208.jpg,88,92
209.jpg,73,93
210.jpg,90,99
211.jpg,97,78
212.jpg,80,94
213.jpg,84,80
214.jpg,97,99
215.jpg,100,81
216.jpg,86,108
217.jpg,79,87
218.jpg,108,121
219.jpg,120,81
220.jpg,89,96
221.jpg,81,92
222.jpg,96,99
223.jpg,97,83
224.jpg,87,91
225.jpg,74,89
226.jpg,91,100
227.jpg,98,76
228.jpg,86,101
229.jpg,72,88
230.jpg,102,107
231.jpg,107,73
232.jpg,88,94
233.jpg,88,89
234.jpg,95,96
235.jpg,95,89
236.jpg,69,89
237.jpg,81,67
238.jpg,90,73
239.jpg,74,83
240.jpg,101,105
241.jpg,91,102
242.jpg,107,95
243.jpg,92,91
244.jpg,74,78
245.jpg,84,65
246.jpg,85,68
247.jpg,73,77
248.jpg,88,103
249.jpg,85,92
250.jpg,105,97
251.jpg,96,87
252.jpg,91,93
253.jpg,84,92
254.jpg,97,94
255.jpg,95,80
256.jpg,90,102
257.jpg,94,93
258.jpg,104,110
259.jpg,108,97
260.jpg,80,98
261.jpg,77,86
262.jpg,97,101
263.jpg,98,80
264.jpg,109,111
265.jpg,87,109
266.jpg,111,101
267.jpg,96,89
268.jpg,86,86
269.jpg,74,87
270.jpg,84,90
271.jpg,86,79
272.jpg,89,98
273.jpg,87,90
274.jpg,99,97
275.jpg,94,87
276.jpg,99,111
277.jpg,96,102
278.jpg,111,105
279.jpg,98,96
280.jpg,82,91
281.jpg,81,84
282.jpg,89,95
283.jpg,88,84
284.jpg,95,98
285.jpg,97,96
286.jpg,96,97
287.jpg,92,99
288.jpg,93,93
289.jpg,89,94
290.jpg,94,93
291.jpg,89,86
292.jpg,96,91
293.jpg,89,98
294.jpg,90,94
295.jpg,90,92
296.jpg,73,81
297.jpg,80,72
298.jpg,86,139
299.jpg,139,79
300.jpg,89,89
301.jpg,77,88
302.jpg,90,79
303.jpg,77,77
304.jpg,71,88
305.jpg,77,73
306.jpg,84,136
307.jpg,129,84
308.jpg,74,88
309.jpg,83,74
310.jpg,88,139
311.jpg,139,83
312.jpg,92,98
313.jpg,86,92
314.jpg,98,92
315.jpg,88,84
316.jpg,92,99
317.jpg,85,97
318.jpg,101,89
319.jpg,83,84
320.jpg,105,108
321.jpg,108,109
322.jpg,109,112
323.jpg,104,109
324.jpg,82,97
325.jpg,81,84
326.jpg,97,95
327.jpg,94,84
328.jpg,67,111
329.jpg,76,66
330.jpg,112,72
331.jpg,69,75
332.jpg,56,77
333.jpg,51,62
334.jpg,69,80
335.jpg,75,60
336.jpg,72,102
337.jpg,70,71
338.jpg,101,66
339.jpg,67,70
340.jpg,90,91
341.jpg,84,92
342.jpg,87,94
343.jpg,89,88
344.jpg,86,87
345.jpg,81,87
346.jpg,86,82
347.jpg,77,82
348.jpg,89,90
349.jpg,77,93
350.jpg,86,85
351.jpg,78,81
352.jpg,63,70
353.jpg,65,63
354.jpg,68,74
355.jpg,75,66
356.jpg,54,72
357.jpg,57,52
358.jpg,75,26
359.jpg,27,58
